id,name,property1,property2,health,attack,defense,sp_attack,sp_defense,speed,legendary
0,Bulbasaur,Grass,Poison,45,49,49,65,65,45,False
1,Ivysaur,Grass,Poison,60,62,63,80,80,60,False
2,Venusaur,Grass,Poison,80,82,83,100,100,80,False
3,Mega Venusaur,Grass,Poison,80,100,123,122,120,80,False
4,Charmander,Fire,,39,52,43,60,50,65,False
5,Charmeleon,Fire,,58,64,58,80,65,80,False
6,Charizard,Fire,Flying,78,84,78,109,85,100,False
7,Mega Charizard X,Fire,Dragon,78,130,111,130,85,100,False
8,Mega Charizard Y,Fire,Flying,78,104,78,159,115,100,False
9,Squirtle,Water,,44,48,65,50,64,43,False
10,Wartortle,Water,,59,63,80,65,80,58,False
11,Blastoise,Water,,79,83,100,85,105,78,False
12,Mega Blastoise,Water,,79,103,120,135,115,78,False
13,Caterpie,Bug,,45,30,35,20,20,45,False
14,Metapod,Bug,,50,20,55,25,25,30,False
15,Butterfree,Bug,Flying,60,45,50,90,80,70,False
16,Weedle,Bug,Poison,40,35,30,20,20,50,False
17,Kakuna,Bug,Poison,45,25,50,25,25,35,False
18,Beedrill,Bug,Poison,65,90,40,45,80,75,False
19,Mega Beedrill,Bug,Poison,65,150,40,15,80,145,False
20,Pidgey,Normal,Flying,40,45,40,35,35,56,False
21,Pidgeotto,Normal,Flying,63,60,55,50,50,71,False
22,Pidgeot,Normal,Flying,83,80,75,70,70,101,False
23,Mega Pidgeot,Normal,Flying,83,80,80,135,80,121,False
24,Rattata,Normal,,30,56,35,25,35,72,False
25,Alolan Rattata,Dark,Normal,30,56,35,25,35,72,False
26,Raticate,Normal,,55,81,60,50,70,97,False
27,Alolan Raticate,Dark,Normal,75,71,70,40,80,77,False
28,Spearow,Normal,Flying,40,60,30,31,31,70,False
29,Fearow,Normal,Flying,65,90,65,61,61,100,False
30,Ekans,Poison,,35,60,44,40,54,55,False
31,Arbok,Poison,,60,95,69,65,79,80,False
32,Pikachu,Electric,,35,55,40,50,50,90,False
33,Partner Pikachu,Electric,,45,80,50,75,60,120,False
34,Raichu,Electric,,60,90,55,90,80,110,False
35,Alolan Raichu,Electric,Psychic,60,85,50,95,85,110,False
36,Sandshrew,Ground,,50,75,85,20,30,40,False
37,Alolan Sandshrew,Ice,Steel,50,75,90,10,35,40,False
38,Sandslash,Ground,,75,100,110,45,55,65,False
39,Alolan Sandslash,Ice,Steel,75,100,120,25,65,65,False
40,Nidoran♀,Poison,,55,47,52,40,40,41,False
41,Nidorina,Poison,,70,62,67,55,55,56,False
42,Nidoqueen,Poison,Ground,90,92,87,75,85,76,False
43,Nidoran♂,Poison,,46,57,40,40,40,50,False
44,Nidorino,Poison,,61,72,57,55,55,65,False
45,Nidoking,Poison,Ground,81,102,77,85,75,85,False
46,Clefairy,Fairy,,70,45,48,60,65,35,False
47,Clefable,Fairy,,95,70,73,95,90,60,False
48,Vulpix,Fire,,38,41,40,50,65,65,False
49,Alolan Vulpix,Ice,,38,41,40,50,65,65,False
50,Ninetales,Fire,,73,76,75,81,100,100,False
51,Alolan Ninetales,Ice,Fairy,73,67,75,81,100,109,False
52,Jigglypuff,Normal,Fairy,115,45,20,45,25,20,False
53,Wigglytuff,Normal,Fairy,140,70,45,85,50,45,False
54,Zubat,Poison,Flying,40,45,35,30,40,55,False
55,Golbat,Poison,Flying,75,80,70,65,75,90,False
56,Oddish,Grass,Poison,45,50,55,75,65,30,False
57,Gloom,Grass,Poison,60,65,70,85,75,40,False
58,Vileplume,Grass,Poison,75,80,85,110,90,50,False
59,Paras,Bug,Grass,35,70,55,45,55,25,False
60,Parasect,Bug,Grass,60,95,80,60,80,30,False
61,Venonat,Bug,Poison,60,55,50,40,55,45,False
62,Venomoth,Bug,Poison,70,65,60,90,75,90,False
63,Diglett,Ground,,10,55,25,35,45,95,False
64,Alolan Diglett,Ground,Steel,10,55,30,35,45,90,False
65,Dugtrio,Ground,,35,100,50,50,70,120,False
66,Alolan Dugtrio,Ground,Steel,35,100,60,50,70,110,False
67,Meowth,Normal,,40,45,35,40,40,90,False
68,Alolan Meowth,Dark,,40,35,35,50,40,90,False
69,Galarian Meowth,Steel,,50,65,55,40,40,40,False
70,Persian,Normal,,65,70,60,65,65,115,False
71,Alolan Persian,Dark,,65,60,60,75,65,115,False
72,Psyduck,Water,,50,52,48,65,50,55,False
73,Golduck,Water,,80,82,78,95,80,85,False
74,Mankey,Fighting,,40,80,35,35,45,70,False
75,Primeape,Fighting,,65,105,60,60,70,95,False
76,Growlithe,Fire,,55,70,45,70,50,60,False
77,Arcanine,Fire,,90,110,80,100,80,95,False
78,Poliwag,Water,,40,50,40,40,40,90,False
79,Poliwhirl,Water,,65,65,65,50,50,90,False
80,Poliwrath,Water,Fighting,90,95,95,70,90,70,False
81,Abra,Psychic,,25,20,15,105,55,90,False
82,Kadabra,Psychic,,40,35,30,120,70,105,False
83,Alakazam,Psychic,,55,50,45,135,95,120,False
84,Mega Alakazam,Psychic,,55,50,65,175,105,150,False
85,Machop,Fighting,,70,80,50,35,35,35,False
86,Machoke,Fighting,,80,100,70,50,60,45,False
87,Machamp,Fighting,,90,130,80,65,85,55,False
88,Bellsprout,Grass,Poison,50,75,35,70,30,40,False
89,Weepinbell,Grass,Poison,65,90,50,85,45,55,False
90,Victreebel,Grass,Poison,80,105,65,100,70,70,False
91,Tentacool,Water,Poison,40,40,35,50,100,70,False
92,Tentacruel,Water,Poison,80,70,65,80,120,100,False
93,Geodude,Rock,Ground,40,80,100,30,30,20,False
94,Alolan Geodude,Rock,Electric,40,80,100,30,30,20,False
95,Graveler,Rock,Ground,55,95,115,45,45,35,False
96,Alolan Graveler,Rock,Electric,55,95,115,45,45,35,False
97,Golem,Rock,Ground,80,120,130,55,65,45,False
98,Alolan Golem,Rock,Electric,80,120,130,55,65,45,False
99,Ponyta,Fire,,50,85,55,65,65,90,False
100,Galarian Ponyta,Psychic,,50,85,55,65,65,90,False
101,Rapidash,Fire,,65,100,70,80,80,105,False
102,Galarian Rapidash,Psychic,Fairy,65,100,70,80,80,105,False
103,Slowpoke,Water,Psychic,90,65,65,40,40,15,False
104,Slowbro,Water,Psychic,95,75,110,100,80,30,False
105,Mega Slowbro,Water,Psychic,95,75,180,130,80,30,False
106,Magnemite,Electric,Steel,25,35,70,95,55,45,False
107,Magneton,Electric,Steel,50,60,95,120,70,70,False
108,Farfetch'd,Normal,Flying,52,90,55,58,62,60,False
109,Galarian Farfetch'd,Fighting,,52,95,55,58,62,55,False
110,Doduo,Normal,Flying,35,85,45,35,35,75,False
111,Dodrio,Normal,Flying,60,110,70,60,60,110,False
112,Seel,Water,,65,45,55,45,70,45,False
113,Dewgong,Water,Ice,90,70,80,70,95,70,False
114,Grimer,Poison,,80,80,50,40,50,25,False
115,Alolan Grimer,Poison,Dark,80,80,50,40,50,25,False
116,Muk,Poison,,105,105,75,65,100,50,False
117,Alolan Muk,Poison,Dark,105,105,75,65,100,50,False
118,Shellder,Water,,30,65,100,45,25,40,False
119,Cloyster,Water,Ice,50,95,180,85,45,70,False
120,Gastly,Ghost,Poison,30,35,30,100,35,80,False
121,Haunter,Ghost,Poison,45,50,45,115,55,95,False
122,Gengar,Ghost,Poison,60,65,60,130,75,110,False
123,Mega Gengar,Ghost,Poison,60,65,80,170,95,130,False
124,Onix,Rock,Ground,35,45,160,30,45,70,False
125,Drowzee,Psychic,,60,48,45,43,90,42,False
126,Hypno,Psychic,,85,73,70,73,115,67,False
127,Krabby,Water,,30,105,90,25,25,50,False
128,Kingler,Water,,55,130,115,50,50,75,False
129,Voltorb,Electric,,40,30,50,55,55,100,False
130,Electrode,Electric,,60,50,70,80,80,150,False
131,Exeggcute,Grass,Psychic,60,40,80,60,45,40,False
132,Exeggutor,Grass,Psychic,95,95,85,125,75,55,False
133,Alolan Exeggutor,Grass,Dragon,95,105,85,125,75,45,False
134,Cubone,Ground,,50,50,95,40,50,35,False
135,Marowak,Ground,,60,80,110,50,80,45,False
136,Alolan Marowak,Fire,Ghost,60,80,110,50,80,45,False
137,Hitmonlee,Fighting,,50,120,53,35,110,87,False
138,Hitmonchan,Fighting,,50,105,79,35,110,76,False
139,Lickitung,Normal,,90,55,75,60,75,30,False
140,Koffing,Poison,,40,65,95,60,45,35,False
141,Weezing,Poison,,65,90,120,85,70,60,False
142,Galarian Weezing,Poison,Fairy,65,90,120,85,70,60,False
143,Rhyhorn,Ground,Rock,80,85,95,30,30,25,False
144,Rhydon,Ground,Rock,105,130,120,45,45,40,False
145,Chansey,Normal,,250,5,5,35,105,50,False
146,Tangela,Grass,,65,55,115,100,40,60,False
147,Kangaskhan,Normal,,105,95,80,40,80,90,False
148,Mega Kangaskhan,Normal,,105,125,100,60,100,100,False
149,Horsea,Water,,30,40,70,70,25,60,False
150,Seadra,Water,,55,65,95,95,45,85,False
151,Goldeen,Water,,45,67,60,35,50,63,False
152,Seaking,Water,,80,92,65,65,80,68,False
153,Staryu,Water,,30,45,55,70,55,85,False
154,Starmie,Water,Psychic,60,75,85,100,85,115,False
155,Mr. Mime,Psychic,Fairy,40,45,65,100,120,90,False
156,Galarian Mr. Mime,Psychic,Ice,50,65,65,90,90,100,False
157,Scyther,Bug,Flying,70,110,80,55,80,105,False
158,Jynx,Ice,Psychic,65,50,35,115,95,95,False
159,Electabuzz,Electric,,65,83,57,95,85,105,False
160,Magmar,Fire,,65,95,57,100,85,93,False
161,Pinsir,Bug,,65,125,100,55,70,85,False
162,Mega Pinsir,Bug,Flying,65,155,120,65,90,105,False
163,Tauros,Normal,,75,100,95,40,70,110,False
164,Magikarp,Water,,20,10,55,15,20,80,False
165,Gyarados,Water,Flying,95,125,79,60,100,81,False
166,Mega Gyarados,Water,Dark,95,155,109,70,130,81,False
167,Lapras,Water,Ice,130,85,80,85,95,60,False
168,Ditto,Normal,,48,48,48,48,48,48,False
169,Eevee,Normal,,55,55,50,45,65,55,False
170,Partner Eevee,Normal,,65,75,70,65,85,75,False
171,Vaporeon,Water,,130,65,60,110,95,65,False
172,Jolteon,Electric,,65,65,60,110,95,130,False
173,Flareon,Fire,,65,130,60,95,110,65,False
174,Porygon,Normal,,65,60,70,85,75,40,False
175,Omanyte,Rock,Water,35,40,100,90,55,35,False
176,Omastar,Rock,Water,70,60,125,115,70,55,False
177,Kabuto,Rock,Water,30,80,90,55,45,55,False
178,Kabutops,Rock,Water,60,115,105,65,70,80,False
179,Aerodactyl,Rock,Flying,80,105,65,60,75,130,False
180,Mega Aerodactyl,Rock,Flying,80,135,85,70,95,150,False
181,Snorlax,Normal,,160,110,65,65,110,30,False
182,Articuno,Ice,Flying,90,85,100,95,125,85,False
183,Zapdos,Electric,Flying,90,90,85,125,90,100,False
184,Moltres,Fire,Flying,90,100,90,125,85,90,False
185,Dratini,Dragon,,41,64,45,50,50,50,False
186,Dragonair,Dragon,,61,84,65,70,70,70,False
187,Dragonite,Dragon,Flying,91,134,95,100,100,80,False
188,Mewtwo,Psychic,,106,110,90,154,90,130,True
189,Mega Mewtwo X,Psychic,Fighting,106,190,100,154,100,130,True
190,Mega Mewtwo Y,Psychic,,106,150,70,194,120,140,True
191,Mew,Psychic,,100,100,100,100,100,100,False
192,Chikorita,Grass,,45,49,65,49,65,45,False
193,Bayleef,Grass,,60,62,80,63,80,60,False
194,Meganium,Grass,,80,82,100,83,100,80,False
195,Cyndaquil,Fire,,39,52,43,60,50,65,False
196,Quilava,Fire,,58,64,58,80,65,80,False
197,Typhlosion,Fire,,78,84,78,109,85,100,False
198,Totodile,Water,,50,65,64,44,48,43,False
199,Croconaw,Water,,65,80,80,59,63,58,False
200,Feraligatr,Water,,85,105,100,79,83,78,False
201,Sentret,Normal,,35,46,34,35,45,20,False
202,Furret,Normal,,85,76,64,45,55,90,False
203,Hoothoot,Normal,Flying,60,30,30,36,56,50,False
204,Noctowl,Normal,Flying,100,50,50,86,96,70,False
205,Ledyba,Bug,Flying,40,20,30,40,80,55,False
206,Ledian,Bug,Flying,55,35,50,55,110,85,False
207,Spinarak,Bug,Poison,40,60,40,40,40,30,False
208,Ariados,Bug,Poison,70,90,70,60,70,40,False
209,Crobat,Poison,Flying,85,90,80,70,80,130,False
210,Chinchou,Water,Electric,75,38,38,56,56,67,False
211,Lanturn,Water,Electric,125,58,58,76,76,67,False
212,Pichu,Electric,,20,40,15,35,35,60,False
213,Cleffa,Fairy,,50,25,28,45,55,15,False
214,Igglybuff,Normal,Fairy,90,30,15,40,20,15,False
215,Togepi,Fairy,,35,20,65,40,65,20,False
216,Togetic,Fairy,Flying,55,40,85,80,105,40,False
217,Natu,Psychic,Flying,40,50,45,70,45,70,False
218,Xatu,Psychic,Flying,65,75,70,95,70,95,False
219,Mareep,Electric,,55,40,40,65,45,35,False
220,Flaaffy,Electric,,70,55,55,80,60,45,False
221,Ampharos,Electric,,90,75,85,115,90,55,False
222,Mega Ampharos,Electric,Dragon,90,95,105,165,110,45,False
223,Bellossom,Grass,,75,80,95,90,100,50,False
224,Marill,Water,Fairy,70,20,50,20,50,40,False
225,Azumarill,Water,Fairy,100,50,80,60,80,50,False
226,Sudowoodo,Rock,,70,100,115,30,65,30,False
227,Politoed,Water,,90,75,75,90,100,70,False
228,Hoppip,Grass,Flying,35,35,40,35,55,50,False
229,Skiploom,Grass,Flying,55,45,50,45,65,80,False
230,Jumpluff,Grass,Flying,75,55,70,55,95,110,False
231,Aipom,Normal,,55,70,55,40,55,85,False
232,Sunkern,Grass,,30,30,30,30,30,30,False
233,Sunflora,Grass,,75,75,55,105,85,30,False
234,Yanma,Bug,Flying,65,65,45,75,45,95,False
235,Wooper,Water,Ground,55,45,45,25,25,15,False
236,Quagsire,Water,Ground,95,85,85,65,65,35,False
237,Espeon,Psychic,,65,65,60,130,95,110,False
238,Umbreon,Dark,,95,65,110,60,130,65,False
239,Murkrow,Dark,Flying,60,85,42,85,42,91,False
240,Slowking,Water,Psychic,95,75,80,100,110,30,False
241,Misdreavus,Ghost,,60,60,60,85,85,85,False
242,Unown,Psychic,,48,72,48,72,48,48,False
243,Wobbuffet,Psychic,,190,33,58,33,58,33,False
244,Girafarig,Normal,Psychic,70,80,65,90,65,85,False
245,Pineco,Bug,,50,65,90,35,35,15,False
246,Forretress,Bug,Steel,75,90,140,60,60,40,False
247,Dunsparce,Normal,,100,70,70,65,65,45,False
248,Gligar,Ground,Flying,65,75,105,35,65,85,False
249,Steelix,Steel,Ground,75,85,200,55,65,30,False
250,Mega Steelix,Steel,Ground,75,125,230,55,95,30,False
251,Snubbull,Fairy,,60,80,50,40,40,30,False
252,Granbull,Fairy,,90,120,75,60,60,45,False
253,Qwilfish,Water,Poison,65,95,85,55,55,85,False
254,Scizor,Bug,Steel,70,130,100,55,80,65,False
255,Mega Scizor,Bug,Steel,70,150,140,65,100,75,False
256,Shuckle,Bug,Rock,20,10,230,10,230,5,False
257,Heracross,Bug,Fighting,80,125,75,40,95,85,False
258,Mega Heracross,Bug,Fighting,80,185,115,40,105,75,False
259,Sneasel,Dark,Ice,55,95,55,35,75,115,False
260,Teddiursa,Normal,,60,80,50,50,50,40,False
261,Ursaring,Normal,,90,130,75,75,75,55,False
262,Slugma,Fire,,40,40,40,70,40,20,False
263,Magcargo,Fire,Rock,60,50,120,90,80,30,False
264,Swinub,Ice,Ground,50,50,40,30,30,50,False
265,Piloswine,Ice,Ground,100,100,80,60,60,50,False
266,Corsola,Water,Rock,65,55,95,65,95,35,False
267,Galarian Corsola,Ghost,,60,55,100,65,100,30,False
268,Remoraid,Water,,35,65,35,65,35,65,False
269,Octillery,Water,,75,105,75,105,75,45,False
270,Delibird,Ice,Flying,45,55,45,65,45,75,False
271,Mantine,Water,Flying,85,40,70,80,140,70,False
272,Skarmory,Steel,Flying,65,80,140,40,70,70,False
273,Houndour,Dark,Fire,45,60,30,80,50,65,False
274,Houndoom,Dark,Fire,75,90,50,110,80,95,False
275,Mega Houndoom,Dark,Fire,75,90,90,140,90,115,False
276,Kingdra,Water,Dragon,75,95,95,95,95,85,False
277,Phanpy,Ground,,90,60,60,40,40,40,False
278,Donphan,Ground,,90,120,120,60,60,50,False
279,Porygon2,Normal,,85,80,90,105,95,60,False
280,Stantler,Normal,,73,95,62,85,65,85,False
281,Smeargle,Normal,,55,20,35,20,45,75,False
282,Tyrogue,Fighting,,35,35,35,35,35,35,False
283,Hitmontop,Fighting,,50,95,95,35,110,70,False
284,Smoochum,Ice,Psychic,45,30,15,85,65,65,False
285,Elekid,Electric,,45,63,37,65,55,95,False
286,Magby,Fire,,45,75,37,70,55,83,False
287,Miltank,Normal,,95,80,105,40,70,100,False
288,Blissey,Normal,,255,10,10,75,135,55,False
289,Raikou,Electric,,90,85,75,115,100,115,False
290,Entei,Fire,,115,115,85,90,75,100,False
291,Suicune,Water,,100,75,115,90,115,85,False
292,Larvitar,Rock,Ground,50,64,50,45,50,41,False
293,Pupitar,Rock,Ground,70,84,70,65,70,51,False
294,Tyranitar,Rock,Dark,100,134,110,95,100,61,False
295,Mega Tyranitar,Rock,Dark,100,164,150,95,120,71,False
296,Lugia,Psychic,Flying,106,90,130,90,154,110,True
297,Ho-oh,Fire,Flying,106,130,90,110,154,90,True
298,Celebi,Psychic,Grass,100,100,100,100,100,100,False
299,Treecko,Grass,,40,45,35,65,55,70,False
300,Grovyle,Grass,,50,65,45,85,65,95,False
301,Sceptile,Grass,,70,85,65,105,85,120,False
302,Mega Sceptile,Grass,Dragon,70,110,75,145,85,145,False
303,Torchic,Fire,,45,60,40,70,50,45,False
304,Combusken,Fire,Fighting,60,85,60,85,60,55,False
305,Blaziken,Fire,Fighting,80,120,70,110,70,80,False
306,Mega Blaziken,Fire,Fighting,80,160,80,130,80,100,False
307,Mudkip,Water,,50,70,50,50,50,40,False
308,Marshtomp,Water,Ground,70,85,70,60,70,50,False
309,Swampert,Water,Ground,100,110,90,85,90,60,False
310,Mega Swampert,Water,Ground,100,150,110,95,110,70,False
311,Poochyena,Dark,,35,55,35,30,30,35,False
312,Mightyena,Dark,,70,90,70,60,60,70,False
313,Zigzagoon,Normal,,38,30,41,30,41,60,False
314,Galarian Zigzagoon,Dark,Normal,38,30,41,30,41,60,False
315,Linoone,Normal,,78,70,61,50,61,100,False
316,Galarian Linoone,Dark,Normal,78,70,61,50,61,100,False
317,Wurmple,Bug,,45,45,35,20,30,20,False
318,Silcoon,Bug,,50,35,55,25,25,15,False
319,Beautifly,Bug,Flying,60,70,50,100,50,65,False
320,Cascoon,Bug,,50,35,55,25,25,15,False
321,Dustox,Bug,Poison,60,50,70,50,90,65,False
322,Lotad,Water,Grass,40,30,30,40,50,30,False
323,Lombre,Water,Grass,60,50,50,60,70,50,False
324,Ludicolo,Water,Grass,80,70,70,90,100,70,False
325,Seedot,Grass,,40,40,50,30,30,30,False
326,Nuzleaf,Grass,Dark,70,70,40,60,40,60,False
327,Shiftry,Grass,Dark,90,100,60,90,60,80,False
328,Taillow,Normal,Flying,40,55,30,30,30,85,False
329,Swellow,Normal,Flying,60,85,60,75,50,125,False
330,Wingull,Water,Flying,40,30,30,55,30,85,False
331,Pelipper,Water,Flying,60,50,100,95,70,65,False
332,Ralts,Psychic,Fairy,28,25,25,45,35,40,False
333,Kirlia,Psychic,Fairy,38,35,35,65,55,50,False
334,Gardevoir,Psychic,Fairy,68,65,65,125,115,80,False
335,Mega Gardevoir,Psychic,Fairy,68,85,65,165,135,100,False
336,Surskit,Bug,Water,40,30,32,50,52,65,False
337,Masquerain,Bug,Flying,70,60,62,100,82,80,False
338,Shroomish,Grass,,60,40,60,40,60,35,False
339,Breloom,Grass,Fighting,60,130,80,60,60,70,False
340,Slakoth,Normal,,60,60,60,35,35,30,False
341,Vigoroth,Normal,,80,80,80,55,55,90,False
342,Slaking,Normal,,150,160,100,95,65,100,False
343,Nincada,Bug,Ground,31,45,90,30,30,40,False
344,Ninjask,Bug,Flying,61,90,45,50,50,160,False
345,Shedinja,Bug,Ghost,1,90,45,30,30,40,False
346,Whismur,Normal,,64,51,23,51,23,28,False
347,Loudred,Normal,,84,71,43,71,43,48,False
348,Exploud,Normal,,104,91,63,91,73,68,False
349,Makuhita,Fighting,,72,60,30,20,30,25,False
350,Hariyama,Fighting,,144,120,60,40,60,50,False
351,Azurill,Normal,Fairy,50,20,40,20,40,20,False
352,Nosepass,Rock,,30,45,135,45,90,30,False
353,Skitty,Normal,,50,45,45,35,35,50,False
354,Delcatty,Normal,,70,65,65,55,55,90,False
355,Sableye,Dark,Ghost,50,75,75,65,65,50,False
356,Mega Sableye,Dark,Ghost,50,85,125,85,115,20,False
357,Mawile,Steel,Fairy,50,85,85,55,55,50,False
358,Mega Mawile,Steel,Fairy,50,105,125,55,95,50,False
359,Aron,Steel,Rock,50,70,100,40,40,30,False
360,Lairon,Steel,Rock,60,90,140,50,50,40,False
361,Aggron,Steel,Rock,70,110,180,60,60,50,False
362,Mega Aggron,Steel,,70,140,230,60,80,50,False
363,Meditite,Fighting,Psychic,30,40,55,40,55,60,False
364,Medicham,Fighting,Psychic,60,60,75,60,75,80,False
365,Mega Medicham,Fighting,Psychic,60,100,85,80,85,100,False
366,Electrike,Electric,,40,45,40,65,40,65,False
367,Manectric,Electric,,70,75,60,105,60,105,False
368,Mega Manectric,Electric,,70,75,80,135,80,135,False
369,Plusle,Electric,,60,50,40,85,75,95,False
370,Minun,Electric,,60,40,50,75,85,95,False
371,Volbeat,Bug,,65,73,75,47,85,85,False
372,Illumise,Bug,,65,47,75,73,85,85,False
373,Roselia,Grass,Poison,50,60,45,100,80,65,False
374,Gulpin,Poison,,70,43,53,43,53,40,False
375,Swalot,Poison,,100,73,83,73,83,55,False
376,Carvanha,Water,Dark,45,90,20,65,20,65,False
377,Sharpedo,Water,Dark,70,120,40,95,40,95,False
378,Mega Sharpedo,Water,Dark,70,140,70,110,65,105,False
379,Wailmer,Water,,130,70,35,70,35,60,False
380,Wailord,Water,,170,90,45,90,45,60,False
381,Numel,Fire,Ground,60,60,40,65,45,35,False
382,Camerupt,Fire,Ground,70,100,70,105,75,40,False
383,Mega Camerupt,Fire,Ground,70,120,100,145,105,20,False
384,Torkoal,Fire,,70,85,140,85,70,20,False
385,Spoink,Psychic,,60,25,35,70,80,60,False
386,Grumpig,Psychic,,80,45,65,90,110,80,False
387,Spinda,Normal,,60,60,60,60,60,60,False
388,Trapinch,Ground,,45,100,45,45,45,10,False
389,Vibrava,Ground,Dragon,50,70,50,50,50,70,False
390,Flygon,Ground,Dragon,80,100,80,80,80,100,False
391,Cacnea,Grass,,50,85,40,85,40,35,False
392,Cacturne,Grass,Dark,70,115,60,115,60,55,False
393,Swablu,Normal,Flying,45,40,60,40,75,50,False
394,Altaria,Dragon,Flying,75,70,90,70,105,80,False
395,Mega Altaria,Dragon,Fairy,75,110,110,110,105,80,False
396,Zangoose,Normal,,73,115,60,60,60,90,False
397,Seviper,Poison,,73,100,60,100,60,65,False
398,Lunatone,Rock,Psychic,90,55,65,95,85,70,False
399,Solrock,Rock,Psychic,90,95,85,55,65,70,False
400,Barboach,Water,Ground,50,48,43,46,41,60,False
401,Whiscash,Water,Ground,110,78,73,76,71,60,False
402,Corphish,Water,,43,80,65,50,35,35,False
403,Crawdaunt,Water,Dark,63,120,85,90,55,55,False
404,Baltoy,Ground,Psychic,40,40,55,40,70,55,False
405,Claydol,Ground,Psychic,60,70,105,70,120,75,False
406,Lileep,Rock,Grass,66,41,77,61,87,23,False
407,Cradily,Rock,Grass,86,81,97,81,107,43,False
408,Anorith,Rock,Bug,45,95,50,40,50,75,False
409,Armaldo,Rock,Bug,75,125,100,70,80,45,False
410,Feebas,Water,,20,15,20,10,55,80,False
411,Milotic,Water,,95,60,79,100,125,81,False
412,Castform,Normal,,70,70,70,70,70,70,False
413,Castform Sunny Form,Fire,,70,70,70,70,70,70,False
414,Castform Rainy Form,Water,,70,70,70,70,70,70,False
415,Castform Snowy Form,Ice,,70,70,70,70,70,70,False
416,Kecleon,Normal,,60,90,70,60,120,40,False
417,Shuppet,Ghost,,44,75,35,63,33,45,False
418,Banette,Ghost,,64,115,65,83,63,65,False
419,Mega Banette,Ghost,,64,165,75,93,83,75,False
420,Duskull,Ghost,,20,40,90,30,90,25,False
421,Dusclops,Ghost,,40,70,130,60,130,25,False
422,Tropius,Grass,Flying,99,68,83,72,87,51,False
423,Chimecho,Psychic,,75,50,80,95,90,65,False
424,Absol,Dark,,65,130,60,75,60,75,False
425,Mega Absol,Dark,,65,150,60,115,60,115,False
426,Wynaut,Psychic,,95,23,48,23,48,23,False
427,Snorunt,Ice,,50,50,50,50,50,50,False
428,Glalie,Ice,,80,80,80,80,80,80,False
429,Mega Glalie,Ice,,80,120,80,120,80,100,False
430,Spheal,Ice,Water,70,40,50,55,50,25,False
431,Sealeo,Ice,Water,90,60,70,75,70,45,False
432,Walrein,Ice,Water,110,80,90,95,90,65,False
433,Clamperl,Water,,35,64,85,74,55,32,False
434,Huntail,Water,,55,104,105,94,75,52,False
435,Gorebyss,Water,,55,84,105,114,75,52,False
436,Relicanth,Water,Rock,100,90,130,45,65,55,False
437,Luvdisc,Water,,43,30,55,40,65,97,False
438,Bagon,Dragon,,45,75,60,40,30,50,False
439,Shelgon,Dragon,,65,95,100,60,50,50,False
440,Salamence,Dragon,Flying,95,135,80,110,80,100,False
441,Mega Salamence,Dragon,Flying,95,145,130,120,90,120,False
442,Beldum,Steel,Psychic,40,55,80,35,60,30,False
443,Metang,Steel,Psychic,60,75,100,55,80,50,False
444,Metagross,Steel,Psychic,80,135,130,95,90,70,False
445,Mega Metagross,Steel,Psychic,80,145,150,105,110,110,False
446,Regirock,Rock,,80,100,200,50,100,50,False
447,Regice,Ice,,80,50,100,100,200,50,False
448,Registeel,Steel,,80,75,150,75,150,50,False
449,Latias,Dragon,Psychic,80,80,90,110,130,110,False
450,Mega Latias,Dragon,Psychic,80,100,120,140,150,110,False
451,Latios,Dragon,Psychic,80,90,80,130,110,110,False
452,Mega Latios,Dragon,Psychic,80,130,100,160,120,110,False
453,Kyogre,Water,,100,100,90,150,140,90,True
454,Primal Kyogre,Water,,100,150,90,180,160,90,True
455,Groudon,Ground,,100,150,140,100,90,90,True
456,Primal Groudon,Ground,Fire,100,180,160,150,90,90,True
457,Rayquaza,Dragon,Flying,105,150,90,150,90,95,True
458,Mega Rayquaza,Dragon,Flying,105,180,100,180,100,115,True
459,Jirachi,Steel,Psychic,100,100,100,100,100,100,False
460,Deoxys Normal Forme,Psychic,,50,150,50,150,50,150,False
461,Deoxys Attack Forme,Psychic,,50,180,20,180,20,150,False
462,Deoxys Defense Forme,Psychic,,50,70,160,70,160,90,False
463,Deoxys Speed Forme,Psychic,,50,95,90,95,90,180,False
464,Turtwig,Grass,,55,68,64,45,55,31,False
465,Grotle,Grass,,75,89,85,55,65,36,False
466,Torterra,Grass,Ground,95,109,105,75,85,56,False
467,Chimchar,Fire,,44,58,44,58,44,61,False
468,Monferno,Fire,Fighting,64,78,52,78,52,81,False
469,Infernape,Fire,Fighting,76,104,71,104,71,108,False
470,Piplup,Water,,53,51,53,61,56,40,False
471,Prinplup,Water,,64,66,68,81,76,50,False
472,Empoleon,Water,Steel,84,86,88,111,101,60,False
473,Starly,Normal,Flying,40,55,30,30,30,60,False
474,Staravia,Normal,Flying,55,75,50,40,40,80,False
475,Staraptor,Normal,Flying,85,120,70,50,60,100,False
476,Bidoof,Normal,,59,45,40,35,40,31,False
477,Bibarel,Normal,Water,79,85,60,55,60,71,False
478,Kricketot,Bug,,37,25,41,25,41,25,False
479,Kricketune,Bug,,77,85,51,55,51,65,False
480,Shinx,Electric,,45,65,34,40,34,45,False
481,Luxio,Electric,,60,85,49,60,49,60,False
482,Luxray,Electric,,80,120,79,95,79,70,False
483,Budew,Grass,Poison,40,30,35,50,70,55,False
484,Roserade,Grass,Poison,60,70,65,125,105,90,False
485,Cranidos,Rock,,67,125,40,30,30,58,False
486,Rampardos,Rock,,97,165,60,65,50,58,False
487,Shieldon,Rock,Steel,30,42,118,42,88,30,False
488,Bastiodon,Rock,Steel,60,52,168,47,138,30,False
489,Burmy,Bug,,40,29,45,29,45,36,False
490,Wormadam Plant Cloak,Bug,Grass,60,59,85,79,105,36,False
491,Wormadam Sandy Cloak,Bug,Ground,60,79,105,59,85,36,False
492,Wormadam Trash Cloak,Bug,Steel,60,69,95,69,95,36,False
493,Mothim,Bug,Flying,70,94,50,94,50,66,False
494,Combee,Bug,Flying,30,30,42,30,42,70,False
495,Vespiquen,Bug,Flying,70,80,102,80,102,40,False
496,Pachirisu,Electric,,60,45,70,45,90,95,False
497,Buizel,Water,,55,65,35,60,30,85,False
498,Floatzel,Water,,85,105,55,85,50,115,False
499,Cherubi,Grass,,45,35,45,62,53,35,False
500,Cherrim,Grass,,70,60,70,87,78,85,False
501,Shellos,Water,,76,48,48,57,62,34,False
502,Gastrodon,Water,Ground,111,83,68,92,82,39,False
503,Ambipom,Normal,,75,100,66,60,66,115,False
504,Drifloon,Ghost,Flying,90,50,34,60,44,70,False
505,Drifblim,Ghost,Flying,150,80,44,90,54,80,False
506,Buneary,Normal,,55,66,44,44,56,85,False
507,Lopunny,Normal,,65,76,84,54,96,105,False
508,Mega Lopunny,Normal,Fighting,65,136,94,54,96,135,False
509,Mismagius,Ghost,,60,60,60,105,105,105,False
510,Honchkrow,Dark,Flying,100,125,52,105,52,71,False
511,Glameow,Normal,,49,55,42,42,37,85,False
512,Purugly,Normal,,71,82,64,64,59,112,False
513,Chingling,Psychic,,45,30,50,65,50,45,False
514,Stunky,Poison,Dark,63,63,47,41,41,74,False
515,Skuntank,Poison,Dark,103,93,67,71,61,84,False
516,Bronzor,Steel,Psychic,57,24,86,24,86,23,False
517,Bronzong,Steel,Psychic,67,89,116,79,116,33,False
518,Bonsly,Rock,,50,80,95,10,45,10,False
519,Mime Jr.,Psychic,Fairy,20,25,45,70,90,60,False
520,Happiny,Normal,,100,5,5,15,65,30,False
521,Chatot,Normal,Flying,76,65,45,92,42,91,False
522,Spiritomb,Ghost,Dark,50,92,108,92,108,35,False
523,Gible,Dragon,Ground,58,70,45,40,45,42,False
524,Gabite,Dragon,Ground,68,90,65,50,55,82,False
525,Garchomp,Dragon,Ground,108,130,95,80,85,102,False
526,Mega Garchomp,Dragon,Ground,108,170,115,120,95,92,False
527,Munchlax,Normal,,135,85,40,40,85,5,False
528,Riolu,Fighting,,40,70,40,35,40,60,False
529,Lucario,Fighting,Steel,70,110,70,115,70,90,False
530,Mega Lucario,Fighting,Steel,70,145,88,140,70,112,False
531,Hippopotas,Ground,,68,72,78,38,42,32,False
532,Hippowdon,Ground,,108,112,118,68,72,47,False
533,Skorupi,Poison,Bug,40,50,90,30,55,65,False
534,Drapion,Poison,Dark,70,90,110,60,75,95,False
535,Croagunk,Poison,Fighting,48,61,40,61,40,50,False
536,Toxicroak,Poison,Fighting,83,106,65,86,65,85,False
537,Carnivine,Grass,,74,100,72,90,72,46,False
538,Finneon,Water,,49,49,56,49,61,66,False
539,Lumineon,Water,,69,69,76,69,86,91,False
540,Mantyke,Water,Flying,45,20,50,60,120,50,False
541,Snover,Grass,Ice,60,62,50,62,60,40,False
542,Abomasnow,Grass,Ice,90,92,75,92,85,60,False
543,Mega Abomasnow,Grass,Ice,90,132,105,132,105,30,False
544,Weavile,Dark,Ice,70,120,65,45,85,125,False
545,Magnezone,Electric,Steel,70,70,115,130,90,60,False
546,Lickilicky,Normal,,110,85,95,80,95,50,False
547,Rhyperior,Ground,Rock,115,140,130,55,55,40,False
548,Tangrowth,Grass,,100,100,125,110,50,50,False
549,Electivire,Electric,,75,123,67,95,85,95,False
550,Magmortar,Fire,,75,95,67,125,95,83,False
551,Togekiss,Fairy,Flying,85,50,95,120,115,80,False
552,Yanmega,Bug,Flying,86,76,86,116,56,95,False
553,Leafeon,Grass,,65,110,130,60,65,95,False
554,Glaceon,Ice,,65,60,110,130,95,65,False
555,Gliscor,Ground,Flying,75,95,125,45,75,95,False
556,Mamoswine,Ice,Ground,110,130,80,70,60,80,False
557,Porygon-Z,Normal,,85,80,70,135,75,90,False
558,Gallade,Psychic,Fighting,68,125,65,65,115,80,False
559,Mega Gallade,Psychic,Fighting,68,165,95,65,115,110,False
560,Probopass,Rock,Steel,60,55,145,75,150,40,False
561,Dusknoir,Ghost,,45,100,135,65,135,45,False
562,Froslass,Ice,Ghost,70,80,70,80,70,110,False
563,Rotom,Electric,Ghost,50,50,77,95,77,91,False
564,Heat Rotom,Electric,Fire,50,65,107,105,107,86,False
565,Wash Rotom,Electric,Water,50,65,107,105,107,86,False
566,Frost Rotom,Electric,Ice,50,65,107,105,107,86,False
567,Fan Rotom,Electric,Flying,50,65,107,105,107,86,False
568,Mow Rotom,Electric,Grass,50,65,107,105,107,86,False
569,Uxie,Psychic,,75,75,130,75,130,95,False
570,Mesprit,Psychic,,80,105,105,105,105,80,False
571,Azelf,Psychic,,75,125,70,125,70,115,False
572,Dialga,Steel,Dragon,100,120,120,150,100,90,True
573,Palkia,Water,Dragon,90,120,100,150,120,100,True
574,Heatran,Fire,Steel,91,90,106,130,106,77,False
575,Regigigas,Normal,,110,160,110,80,110,100,False
576,Giratina Altered Forme,Ghost,Dragon,150,100,120,100,120,90,True
577,Giratina Origin Forme,Ghost,Dragon,150,120,100,120,100,90,True
578,Cresselia,Psychic,,120,70,120,75,130,85,False
579,Phione,Water,,80,80,80,80,80,80,False
580,Manaphy,Water,,100,100,100,100,100,100,False
581,Darkrai,Dark,,70,90,90,135,90,125,False
582,Shaymin Land Forme,Grass,,100,100,100,100,100,100,False
583,Shaymin Sky Forme,Grass,Flying,100,103,75,120,75,127,False
584,Arceus,Normal,,120,120,120,120,120,120,False
585,Victini,Psychic,Fire,100,100,100,100,100,100,False
586,Snivy,Grass,,45,45,55,45,55,63,False
587,Servine,Grass,,60,60,75,60,75,83,False
588,Serperior,Grass,,75,75,95,75,95,113,False
589,Tepig,Fire,,65,63,45,45,45,45,False
590,Pignite,Fire,Fighting,90,93,55,70,55,55,False
591,Emboar,Fire,Fighting,110,123,65,100,65,65,False
592,Oshawott,Water,,55,55,45,63,45,45,False
593,Dewott,Water,,75,75,60,83,60,60,False
594,Samurott,Water,,95,100,85,108,70,70,False
595,Patrat,Normal,,45,55,39,35,39,42,False
596,Watchog,Normal,,60,85,69,60,69,77,False
597,Lillipup,Normal,,45,60,45,25,45,55,False
598,Herdier,Normal,,65,80,65,35,65,60,False
599,Stoutland,Normal,,85,110,90,45,90,80,False
600,Purrloin,Dark,,41,50,37,50,37,66,False
601,Liepard,Dark,,64,88,50,88,50,106,False
602,Pansage,Grass,,50,53,48,53,48,64,False
603,Simisage,Grass,,75,98,63,98,63,101,False
604,Pansear,Fire,,50,53,48,53,48,64,False
605,Simisear,Fire,,75,98,63,98,63,101,False
606,Panpour,Water,,50,53,48,53,48,64,False
607,Simipour,Water,,75,98,63,98,63,101,False
608,Munna,Psychic,,76,25,45,67,55,24,False
609,Musharna,Psychic,,116,55,85,107,95,29,False
610,Pidove,Normal,Flying,50,55,50,36,30,43,False
611,Tranquill,Normal,Flying,62,77,62,50,42,65,False
612,Unfezant,Normal,Flying,80,115,80,65,55,93,False
613,Blitzle,Electric,,45,60,32,50,32,76,False
614,Zebstrika,Electric,,75,100,63,80,63,116,False
615,Roggenrola,Rock,,55,75,85,25,25,15,False
616,Boldore,Rock,,70,105,105,50,40,20,False
617,Gigalith,Rock,,85,135,130,60,80,25,False
618,Woobat,Psychic,Flying,65,45,43,55,43,72,False
619,Swoobat,Psychic,Flying,67,57,55,77,55,114,False
620,Drilbur,Ground,,60,85,40,30,45,68,False
621,Excadrill,Ground,Steel,110,135,60,50,65,88,False
622,Audino,Normal,,103,60,86,60,86,50,False
623,Mega Audino,Normal,Fairy,103,60,126,80,126,50,False
624,Timburr,Fighting,,75,80,55,25,35,35,False
625,Gurdurr,Fighting,,85,105,85,40,50,40,False
626,Conkeldurr,Fighting,,105,140,95,55,65,45,False
627,Tympole,Water,,50,50,40,50,40,64,False
628,Palpitoad,Water,Ground,75,65,55,65,55,69,False
629,Seismitoad,Water,Ground,105,95,75,85,75,74,False
630,Throh,Fighting,,120,100,85,30,85,45,False
631,Sawk,Fighting,,75,125,75,30,75,85,False
632,Sewaddle,Bug,Grass,45,53,70,40,60,42,False
633,Swadloon,Bug,Grass,55,63,90,50,80,42,False
634,Leavanny,Bug,Grass,75,103,80,70,80,92,False
635,Venipede,Bug,Poison,30,45,59,30,39,57,False
636,Whirlipede,Bug,Poison,40,55,99,40,79,47,False
637,Scolipede,Bug,Poison,60,100,89,55,69,112,False
638,Cottonee,Grass,Fairy,40,27,60,37,50,66,False
639,Whimsicott,Grass,Fairy,60,67,85,77,75,116,False
640,Petilil,Grass,,45,35,50,70,50,30,False
641,Lilligant,Grass,,70,60,75,110,75,90,False
642,Basculin Red-Striped Form,Water,,70,92,65,80,55,98,False
643,Basculin Blue-Striped Form,Water,,70,92,65,80,55,98,False
644,Sandile,Ground,Dark,50,72,35,35,35,65,False
645,Krokorok,Ground,Dark,60,82,45,45,45,74,False
646,Krookodile,Ground,Dark,95,117,80,65,70,92,False
647,Darumaka,Fire,,70,90,45,15,45,50,False
648,Galarian Darumaka,Ice,,70,90,45,15,45,50,False
649,Darmanitan Standard Mode,Fire,,105,140,55,30,55,95,False
650,Darmanitan Zen Mode,Fire,Psychic,105,30,105,140,105,55,False
651,Darmanitan Galarian Standard Mode,Ice,,105,140,55,30,55,95,False
652,Darmanitan Galarian Zen Mode,Ice,Fire,105,160,55,30,55,135,False
653,Maractus,Grass,,75,86,67,106,67,60,False
654,Dwebble,Bug,Rock,50,65,85,35,35,55,False
655,Crustle,Bug,Rock,70,105,125,65,75,45,False
656,Scraggy,Dark,Fighting,50,75,70,35,70,48,False
657,Scrafty,Dark,Fighting,65,90,115,45,115,58,False
658,Sigilyph,Psychic,Flying,72,58,80,103,80,97,False
659,Yamask,Ghost,,38,30,85,55,65,30,False
660,Galarian Yamask,Ground,Ghost,38,55,85,30,65,30,False
661,Cofagrigus,Ghost,,58,50,145,95,105,30,False
662,Tirtouga,Water,Rock,54,78,103,53,45,22,False
663,Carracosta,Water,Rock,74,108,133,83,65,32,False
664,Archen,Rock,Flying,55,112,45,74,45,70,False
665,Archeops,Rock,Flying,75,140,65,112,65,110,False
666,Trubbish,Poison,,50,50,62,40,62,65,False
667,Garbodor,Poison,,80,95,82,60,82,75,False
668,Zorua,Dark,,40,65,40,80,40,65,False
669,Zoroark,Dark,,60,105,60,120,60,105,False
670,Minccino,Normal,,55,50,40,40,40,75,False
671,Cinccino,Normal,,75,95,60,65,60,115,False
672,Gothita,Psychic,,45,30,50,55,65,45,False
673,Gothorita,Psychic,,60,45,70,75,85,55,False
674,Gothitelle,Psychic,,70,55,95,95,110,65,False
675,Solosis,Psychic,,45,30,40,105,50,20,False
676,Duosion,Psychic,,65,40,50,125,60,30,False
677,Reuniclus,Psychic,,110,65,75,125,85,30,False
678,Ducklett,Water,Flying,62,44,50,44,50,55,False
679,Swanna,Water,Flying,75,87,63,87,63,98,False
680,Vanillite,Ice,,36,50,50,65,60,44,False
681,Vanillish,Ice,,51,65,65,80,75,59,False
682,Vanilluxe,Ice,,71,95,85,110,95,79,False
683,Deerling,Normal,Grass,60,60,50,40,50,75,False
684,Sawsbuck,Normal,Grass,80,100,70,60,70,95,False
685,Emolga,Electric,Flying,55,75,60,75,60,103,False
686,Karrablast,Bug,,50,75,45,40,45,60,False
687,Escavalier,Bug,Steel,70,135,105,60,105,20,False
688,Foongus,Grass,Poison,69,55,45,55,55,15,False
689,Amoonguss,Grass,Poison,114,85,70,85,80,30,False
690,Frillish,Water,Ghost,55,40,50,65,85,40,False
691,Jellicent,Water,Ghost,100,60,70,85,105,60,False
692,Alomomola,Water,,165,75,80,40,45,65,False
693,Joltik,Bug,Electric,50,47,50,57,50,65,False
694,Galvantula,Bug,Electric,70,77,60,97,60,108,False
695,Ferroseed,Grass,Steel,44,50,91,24,86,10,False
696,Ferrothorn,Grass,Steel,74,94,131,54,116,20,False
697,Klink,Steel,,40,55,70,45,60,30,False
698,Klang,Steel,,60,80,95,70,85,50,False
699,Klinklang,Steel,,60,100,115,70,85,90,False
700,Tynamo,Electric,,35,55,40,45,40,60,False
701,Eelektrik,Electric,,65,85,70,75,70,40,False
702,Eelektross,Electric,,85,115,80,105,80,50,False
703,Elgyem,Psychic,,55,55,55,85,55,30,False
704,Beheeyem,Psychic,,75,75,75,125,95,40,False
705,Litwick,Ghost,Fire,50,30,55,65,55,20,False
706,Lampent,Ghost,Fire,60,40,60,95,60,55,False
707,Chandelure,Ghost,Fire,60,55,90,145,90,80,False
708,Axew,Dragon,,46,87,60,30,40,57,False
709,Fraxure,Dragon,,66,117,70,40,50,67,False
710,Haxorus,Dragon,,76,147,90,60,70,97,False
711,Cubchoo,Ice,,55,70,40,60,40,40,False
712,Beartic,Ice,,95,130,80,70,80,50,False
713,Cryogonal,Ice,,80,50,50,95,135,105,False
714,Shelmet,Bug,,50,40,85,40,65,25,False
715,Accelgor,Bug,,80,70,40,100,60,145,False
716,Stunfisk,Ground,Electric,109,66,84,81,99,32,False
717,Galarian Stunfisk,Ground,Steel,109,81,99,66,84,32,False
718,Mienfoo,Fighting,,45,85,50,55,50,65,False
719,Mienshao,Fighting,,65,125,60,95,60,105,False
720,Druddigon,Dragon,,77,120,90,60,90,48,False
721,Golett,Ground,Ghost,59,74,50,35,50,35,False
722,Golurk,Ground,Ghost,89,124,80,55,80,55,False
723,Pawniard,Dark,Steel,45,85,70,40,40,60,False
724,Bisharp,Dark,Steel,65,125,100,60,70,70,False
725,Bouffalant,Normal,,95,110,95,40,95,55,False
726,Rufflet,Normal,Flying,70,83,50,37,50,60,False
727,Braviary,Normal,Flying,100,123,75,57,75,80,False
728,Vullaby,Dark,Flying,70,55,75,45,65,60,False
729,Mandibuzz,Dark,Flying,110,65,105,55,95,80,False
730,Heatmor,Fire,,85,97,66,105,66,65,False
731,Durant,Bug,Steel,58,109,112,48,48,109,False
732,Deino,Dark,Dragon,52,65,50,45,50,38,False
733,Zweilous,Dark,Dragon,72,85,70,65,70,58,False
734,Hydreigon,Dark,Dragon,92,105,90,125,90,98,False
735,Larvesta,Bug,Fire,55,85,55,50,55,60,False
736,Volcarona,Bug,Fire,85,60,65,135,105,100,False
737,Cobalion,Steel,Fighting,91,90,129,90,72,108,False
738,Terrakion,Rock,Fighting,91,129,90,72,90,108,False
739,Virizion,Grass,Fighting,91,90,72,90,129,108,False
740,Tornadus Incarnate Forme,Flying,,79,115,70,125,80,111,False
741,Tornadus Therian Forme,Flying,,79,100,80,110,90,121,False
742,Thundurus Incarnate Forme,Electric,Flying,79,115,70,125,80,111,False
743,Thundurus Therian Forme,Electric,Flying,79,105,70,145,80,101,False
744,Reshiram,Dragon,Fire,100,120,100,150,120,90,True
745,Zekrom,Dragon,Electric,100,150,120,120,100,90,True
746,Landorus Incarnate Forme,Ground,Flying,89,125,90,115,80,101,False
747,Landorus Therian Forme,Ground,Flying,89,145,90,105,80,91,False
748,Kyurem,Dragon,Ice,125,130,90,130,90,95,True
749,Black Kyurem,Dragon,Ice,125,170,100,120,90,95,True
750,White Kyurem,Dragon,Ice,125,120,90,170,100,95,True
751,Keldeo Ordinary Forme,Water,Fighting,91,72,90,129,90,108,False
752,Keldeo Resolute Forme,Water,Fighting,91,72,90,129,90,108,False
753,Meloetta Aria Forme,Normal,Psychic,100,77,77,128,128,90,False
754,Meloetta Pirouette Forme,Normal,Fighting,100,128,90,77,77,128,False
755,Genesect,Bug,Steel,71,120,95,120,95,99,False
756,Chespin,Grass,,56,61,65,48,45,38,False
757,Quilladin,Grass,,61,78,95,56,58,57,False
758,Chesnaught,Grass,Fighting,88,107,122,74,75,64,False
759,Fennekin,Fire,,40,45,40,62,60,60,False
760,Braixen,Fire,,59,59,58,90,70,73,False
761,Delphox,Fire,Psychic,75,69,72,114,100,104,False
762,Froakie,Water,,41,56,40,62,44,71,False
763,Frogadier,Water,,54,63,52,83,56,97,False
764,Greninja,Water,Dark,72,95,67,103,71,122,False
765,Ash-Greninja,Water,Dark,72,145,67,153,71,132,False
766,Bunnelby,Normal,,38,36,38,32,36,57,False
767,Diggersby,Normal,Ground,85,56,77,50,77,78,False
768,Fletchling,Normal,Flying,45,50,43,40,38,62,False
769,Fletchinder,Fire,Flying,62,73,55,56,52,84,False
770,Talonflame,Fire,Flying,78,81,71,74,69,126,False
771,Scatterbug,Bug,,38,35,40,27,25,35,False
772,Spewpa,Bug,,45,22,60,27,30,29,False
773,Vivillon,Bug,Flying,80,52,50,90,50,89,False
774,Litleo,Fire,Normal,62,50,58,73,54,72,False
775,Pyroar,Fire,Normal,86,68,72,109,66,106,False
776,Flabébé,Fairy,,44,38,39,61,79,42,False
777,Floette,Fairy,,54,45,47,75,98,52,False
778,Florges,Fairy,,78,65,68,112,154,75,False
779,Skiddo,Grass,,66,65,48,62,57,52,False
780,Gogoat,Grass,,123,100,62,97,81,68,False
781,Pancham,Fighting,,67,82,62,46,48,43,False
782,Pangoro,Fighting,Dark,95,124,78,69,71,58,False
783,Furfrou,Normal,,75,80,60,65,90,102,False
784,Espurr,Psychic,,62,48,54,63,60,68,False
785,Meowstic Male,Psychic,,74,48,76,83,81,104,False
786,Meowstic Female,Psychic,,74,48,76,83,81,104,False
787,Honedge,Steel,Ghost,45,80,100,35,37,28,False
788,Doublade,Steel,Ghost,59,110,150,45,49,35,False
789,Aegislash Blade Forme,Steel,Ghost,60,150,50,150,50,60,False
790,Aegislash Shield Forme,Steel,Ghost,60,50,150,50,150,60,False
791,Spritzee,Fairy,,78,52,60,63,65,23,False
792,Aromatisse,Fairy,,101,72,72,99,89,29,False
793,Swirlix,Fairy,,62,48,66,59,57,49,False
794,Slurpuff,Fairy,,82,80,86,85,75,72,False
795,Inkay,Dark,Psychic,53,54,53,37,46,45,False
796,Malamar,Dark,Psychic,86,92,88,68,75,73,False
797,Binacle,Rock,Water,42,52,67,39,56,50,False
798,Barbaracle,Rock,Water,72,105,115,54,86,68,False
799,Skrelp,Poison,Water,50,60,60,60,60,30,False
800,Dragalge,Poison,Dragon,65,75,90,97,123,44,False
801,Clauncher,Water,,50,53,62,58,63,44,False
802,Clawitzer,Water,,71,73,88,120,89,59,False
803,Helioptile,Electric,Normal,44,38,33,61,43,70,False
804,Heliolisk,Electric,Normal,62,55,52,109,94,109,False
805,Tyrunt,Rock,Dragon,58,89,77,45,45,48,False
806,Tyrantrum,Rock,Dragon,82,121,119,69,59,71,False
807,Amaura,Rock,Ice,77,59,50,67,63,46,False
808,Aurorus,Rock,Ice,123,77,72,99,92,58,False
809,Sylveon,Fairy,,95,65,65,110,130,60,False
810,Hawlucha,Fighting,Flying,78,92,75,74,63,118,False
811,Dedenne,Electric,Fairy,67,58,57,81,67,101,False
812,Carbink,Rock,Fairy,50,50,150,50,150,50,False
813,Goomy,Dragon,,45,50,35,55,75,40,False
814,Sliggoo,Dragon,,68,75,53,83,113,60,False
815,Goodra,Dragon,,90,100,70,110,150,80,False
816,Klefki,Steel,Fairy,57,80,91,80,87,75,False
817,Phantump,Ghost,Grass,43,70,48,50,60,38,False
818,Trevenant,Ghost,Grass,85,110,76,65,82,56,False
819,Pumpkaboo Average Size,Ghost,Grass,49,66,70,44,55,51,False
820,Pumpkaboo Small Size,Ghost,Grass,44,66,70,44,55,56,False
821,Pumpkaboo Large Size,Ghost,Grass,54,66,70,44,55,46,False
822,Pumpkaboo Super Size,Ghost,Grass,59,66,70,44,55,41,False
823,Gourgeist Average Size,Ghost,Grass,65,90,122,58,75,84,False
824,Gourgeist Small Size,Ghost,Grass,55,85,122,58,75,99,False
825,Gourgeist Large Size,Ghost,Grass,75,95,122,58,75,69,False
826,Gourgeist Super Size,Ghost,Grass,85,100,122,58,75,54,False
827,Bergmite,Ice,,55,69,85,32,35,28,False
828,Avalugg,Ice,,95,117,184,44,46,28,False
829,Noibat,Flying,Dragon,40,30,35,45,40,55,False
830,Noivern,Flying,Dragon,85,70,80,97,80,123,False
831,Xerneas,Fairy,,126,131,95,131,98,99,True
832,Yveltal,Dark,Flying,126,131,95,131,98,99,True
833,Zygarde 50% Forme,Dragon,Ground,108,100,121,81,95,95,True
834,Zygarde 10% Forme,Dragon,Ground,54,100,71,61,85,115,True
835,Zygarde Complete Forme,Dragon,Ground,216,100,121,91,95,85,True
836,Diancie,Rock,Fairy,50,100,150,100,150,50,False
837,Mega Diancie,Rock,Fairy,50,160,110,160,110,110,False
838,Hoopa Hoopa Confined,Psychic,Ghost,80,110,60,150,130,70,False
839,Hoopa Hoopa Unbound,Psychic,Dark,80,160,60,170,130,80,False
840,Volcanion,Fire,Water,80,110,120,130,90,70,False
841,Rowlet,Grass,Flying,68,55,55,50,50,42,False
842,Dartrix,Grass,Flying,78,75,75,70,70,52,False
843,Decidueye,Grass,Ghost,78,107,75,100,100,70,False
844,Litten,Fire,,45,65,40,60,40,70,False
845,Torracat,Fire,,65,85,50,80,50,90,False
846,Incineroar,Fire,Dark,95,115,90,80,90,60,False
847,Popplio,Water,,50,54,54,66,56,40,False
848,Brionne,Water,,60,69,69,91,81,50,False
849,Primarina,Water,Fairy,80,74,74,126,116,60,False
850,Pikipek,Normal,Flying,35,75,30,30,30,65,False
851,Trumbeak,Normal,Flying,55,85,50,40,50,75,False
852,Toucannon,Normal,Flying,80,120,75,75,75,60,False
853,Yungoos,Normal,,48,70,30,30,30,45,False
854,Gumshoos,Normal,,88,110,60,55,60,45,False
855,Grubbin,Bug,,47,62,45,55,45,46,False
856,Charjabug,Bug,Electric,57,82,95,55,75,36,False
857,Vikavolt,Bug,Electric,77,70,90,145,75,43,False
858,Crabrawler,Fighting,,47,82,57,42,47,63,False
859,Crabominable,Fighting,Ice,97,132,77,62,67,43,False
860,Oricorio Baile Style,Fire,Flying,75,70,70,98,70,93,False
861,Oricorio Pom-Pom Style,Electric,Flying,75,70,70,98,70,93,False
862,Oricorio Pa'u Style,Psychic,Flying,75,70,70,98,70,93,False
863,Oricorio Sensu Style,Ghost,Flying,75,70,70,98,70,93,False
864,Cutiefly,Bug,Fairy,40,45,40,55,40,84,False
865,Ribombee,Bug,Fairy,60,55,60,95,70,124,False
866,Rockruff,Rock,,45,65,40,30,40,60,False
867,Own Tempo Rockruff,Rock,,45,65,40,30,40,60,False
868,Lycanroc Midday Form,Rock,,75,115,65,55,65,112,False
869,Lycanroc Midnight Form,Rock,,85,115,75,55,75,82,False
870,Lycanroc Dusk Form,Rock,,75,117,65,55,65,110,False
871,Wishiwashi Solo Form,Water,,45,20,20,25,25,40,False
872,Wishiwashi School Form,Water,,45,140,130,140,135,30,False
873,Mareanie,Poison,Water,50,53,62,43,52,45,False
874,Toxapex,Poison,Water,50,63,152,53,142,35,False
875,Mudbray,Ground,,70,100,70,45,55,45,False
876,Mudsdale,Ground,,100,125,100,55,85,35,False
877,Dewpider,Water,Bug,38,40,52,40,72,27,False
878,Araquanid,Water,Bug,68,70,92,50,132,42,False
879,Fomantis,Grass,,40,55,35,50,35,35,False
880,Lurantis,Grass,,70,105,90,80,90,45,False
881,Morelull,Grass,Fairy,40,35,55,65,75,15,False
882,Shiinotic,Grass,Fairy,60,45,80,90,100,30,False
883,Salandit,Poison,Fire,48,44,40,71,40,77,False
884,Salazzle,Poison,Fire,68,64,60,111,60,117,False
885,Stufful,Normal,Fighting,70,75,50,45,50,50,False
886,Bewear,Normal,Fighting,120,125,80,55,60,60,False
887,Bounsweet,Grass,,42,30,38,30,38,32,False
888,Steenee,Grass,,52,40,48,40,48,62,False
889,Tsareena,Grass,,72,120,98,50,98,72,False
890,Comfey,Fairy,,51,52,90,82,110,100,False
891,Oranguru,Normal,Psychic,90,60,80,90,110,60,False
892,Passimian,Fighting,,100,120,90,40,60,80,False
893,Wimpod,Bug,Water,25,35,40,20,30,80,False
894,Golisopod,Bug,Water,75,125,140,60,90,40,False
895,Sandygast,Ghost,Ground,55,55,80,70,45,15,False
896,Palossand,Ghost,Ground,85,75,110,100,75,35,False
897,Pyukumuku,Water,,55,60,130,30,130,5,False
898,Type: Null,Normal,,95,95,95,95,95,59,False
899,Silvally,Normal,,95,95,95,95,95,95,False
900,Minior Meteor Form,Rock,Flying,60,60,100,60,100,60,False
901,Minior Core Form,Rock,Flying,60,100,60,100,60,120,False
902,Komala,Normal,,65,115,65,75,95,65,False
903,Turtonator,Fire,Dragon,60,78,135,91,85,36,False
904,Togedemaru,Electric,Steel,65,98,63,40,73,96,False
905,Mimikyu,Ghost,Fairy,55,90,80,50,105,96,False
906,Bruxish,Water,Psychic,68,105,70,70,70,92,False
907,Drampa,Normal,Dragon,78,60,85,135,91,36,False
908,Dhelmise,Ghost,Grass,70,131,100,86,90,40,False
909,Jangmo-o,Dragon,,45,55,65,45,45,45,False
910,Hakamo-o,Dragon,Fighting,55,75,90,65,70,65,False
911,Kommo-o,Dragon,Fighting,75,110,125,100,105,85,False
912,Tapu Koko,Electric,Fairy,70,115,85,95,75,130,False
913,Tapu Lele,Psychic,Fairy,70,85,75,130,115,95,False
914,Tapu Bulu,Grass,Fairy,70,130,115,85,95,75,False
915,Tapu Fini,Water,Fairy,70,75,115,95,130,85,False
916,Cosmog,Psychic,,43,29,31,29,31,37,True
917,Cosmoem,Psychic,,43,29,131,29,131,37,True
918,Solgaleo,Psychic,Steel,137,137,107,113,89,97,True
919,Lunala,Psychic,Ghost,137,113,89,137,107,97,True
920,Nihilego,Rock,Poison,109,53,47,127,131,103,False
921,Buzzwole,Bug,Fighting,107,139,139,53,53,79,False
922,Pheromosa,Bug,Fighting,71,137,37,137,37,151,False
923,Xurkitree,Electric,,83,89,71,173,71,83,False
924,Celesteela,Steel,Flying,97,101,103,107,101,61,False
925,Kartana,Grass,Steel,59,181,131,59,31,109,False
926,Guzzlord,Dark,Dragon,223,101,53,97,53,43,False
927,Necrozma,Psychic,,97,107,101,127,89,79,True
928,Dusk Mane Necrozma,Psychic,Steel,97,157,127,113,109,77,True
929,Dawn Wings Necrozma,Psychic,Ghost,97,113,109,157,127,77,True
930,Ultra Necrozma,Psychic,Dragon,97,167,97,167,97,129,True
931,Magearna,Steel,Fairy,80,95,115,130,115,65,False
932,Marshadow,Fighting,Ghost,90,125,80,90,90,125,False
933,Poipole,Poison,,67,73,67,73,67,73,False
934,Naganadel,Poison,Dragon,73,73,73,127,73,121,False
935,Stakataka,Rock,Steel,61,131,211,53,101,13,False
936,Blacephalon,Fire,Ghost,53,127,53,151,79,107,False
937,Zeraora,Electric,,88,112,75,102,80,143,False
938,Meltan,Steel,,46,65,65,55,35,34,False
939,Melmetal,Steel,,135,143,143,80,65,34,False
940,Grookey,Grass,,50,65,50,40,40,65,False
941,Thwackey,Grass,,70,85,70,55,60,80,False
942,Rillaboom,Grass,,100,125,90,60,70,85,False
943,Scorbunny,Fire,,50,71,40,40,40,69,False
944,Raboot,Fire,,65,86,60,55,60,94,False
945,Cinderace,Fire,,80,116,75,65,75,119,False
946,Sobble,Water,,50,40,40,70,40,70,False
947,Drizzile,Water,,65,60,55,95,55,90,False
948,Inteleon,Water,,70,85,65,125,65,120,False
949,Skwovet,Normal,,70,55,55,35,35,25,False
950,Greedent,Normal,,120,95,95,55,75,20,False
951,Rookidee,Flying,,38,47,35,33,35,57,False
952,Corvisquire,Flying,,68,67,55,43,55,77,False
953,Corviknight,Flying,Steel,98,87,105,53,85,67,False
954,Blipbug,Bug,,25,20,20,25,45,45,False
955,Dottler,Bug,Psychic,50,35,80,50,90,30,False
956,Orbeetle,Bug,Psychic,60,45,110,80,120,90,False
957,Nickit,Dark,,40,28,28,47,52,50,False
958,Thievul,Dark,,70,58,58,87,92,90,False
959,Gossifleur,Grass,,40,40,60,40,60,10,False
960,Eldegoss,Grass,,60,50,90,80,120,60,False
961,Wooloo,Normal,,42,40,55,40,45,48,False
962,Dubwool,Normal,,72,80,100,60,90,88,False
963,Chewtle,Water,,50,64,50,38,38,44,False
964,Drednaw,Water,Rock,90,115,90,48,68,74,False
965,Yamper,Electric,,59,45,50,40,50,26,False
966,Boltund,Electric,,69,90,60,90,60,121,False
967,Rolycoly,Rock,,30,40,50,40,50,30,False
968,Carkol,Rock,Fire,80,60,90,60,70,50,False
969,Coalossal,Rock,Fire,110,80,120,80,90,30,False
970,Applin,Grass,Dragon,40,40,80,40,40,20,False
971,Flapple,Grass,Dragon,70,110,80,95,60,70,False
972,Appletun,Grass,Dragon,110,85,80,100,80,30,False
973,Silicobra,Ground,,52,57,75,35,50,46,False
974,Sandaconda,Ground,,72,107,125,65,70,71,False
975,Cramorant,Flying,Water,70,85,55,85,95,85,False
976,Arrokuda,Water,,41,63,40,40,30,66,False
977,Barraskewda,Water,,61,123,60,60,50,136,False
978,Toxel,Electric,Poison,40,38,35,54,35,40,False
979,Toxtricity Low Key Form,Electric,Poison,75,98,70,114,70,75,False
980,Toxtricity Amped Form,Electric,Poison,75,98,70,114,70,75,False
981,Sizzlipede,Fire,Bug,50,65,45,50,50,45,False
982,Centiskorch,Fire,Bug,100,115,65,90,90,65,False
983,Clobbopus,Fighting,,50,68,60,50,50,32,False
984,Grapploct,Fighting,,80,118,90,70,80,42,False
985,Sinistea,Ghost,,40,45,45,74,54,50,False
986,Polteageist,Ghost,,60,65,65,134,114,70,False
987,Hatenna,Psychic,,42,30,45,56,53,39,False
988,Hattrem,Psychic,,57,40,65,86,73,49,False
989,Hatterene,Psychic,Fairy,57,90,95,136,103,29,False
990,Impidimp,Dark,Fairy,45,45,30,55,40,50,False
991,Morgrem,Dark,Fairy,65,60,45,75,55,70,False
992,Grimmsnarl,Dark,Fairy,95,120,65,95,75,60,False
993,Obstagoon,Dark,Normal,93,90,101,60,81,95,False
994,Perrserker,Steel,,70,110,100,50,60,50,False
995,Cursola,Ghost,,60,95,50,145,130,30,False
996,Sirfetch'd,Fighting,,62,135,95,68,82,65,False
997,Mr. Rime,Psychic,Ice,80,85,75,110,100,70,False
998,Runerigus,Ground,Ghost,58,95,145,50,105,30,False
999,Milcery,Fairy,,45,40,40,50,61,34,False
1000,Alcremie,Fairy,,65,60,75,110,121,64,False
1001,Falinks,Fighting,,65,100,100,70,60,75,False
1002,Pincurchin,Electric,,48,101,95,91,85,15,False
1003,Snom,Ice,Bug,30,25,35,45,30,20,False
1004,Frosmoth,Ice,Bug,70,65,60,125,90,65,False
1005,Stonjourner,Rock,,100,125,135,20,20,70,False
1006,Eiscue Ice Face,Ice,,75,80,110,65,90,50,False
1007,Eiscue Noice Face,Ice,,75,80,70,65,50,130,False
1008,Indeedee Male,Psychic,Normal,60,65,55,105,95,95,False
1009,Indeedee Female,Psychic,Normal,70,55,65,95,105,85,False
1010,Morpeko Full Belly Mode,Electric,Dark,58,95,58,70,58,97,False
1011,Morpeko Hangry Mode,Electric,Dark,58,95,58,70,58,97,False
1012,Cufant,Steel,,72,80,49,40,49,40,False
1013,Copperajah,Steel,,122,130,69,80,69,30,False
1014,Dracozolt,Electric,Dragon,90,100,90,80,70,75,False
1015,Arctozolt,Electric,Ice,90,100,90,90,80,55,False
1016,Dracovish,Water,Dragon,90,90,100,70,80,75,False
1017,Arctovish,Water,Ice,90,90,100,80,90,55,False
1018,Duraludon,Steel,Dragon,70,95,115,120,50,85,False
1019,Dreepy,Dragon,Ghost,28,60,30,40,30,82,False
1020,Drakloak,Dragon,Ghost,68,80,50,60,50,102,False
1021,Dragapult,Dragon,Ghost,88,120,75,100,75,142,False
1022,Zacian Crowned Sword,Fairy,Steel,92,170,115,80,115,148,True
1023,Zacian Hero of Many Battles,Fairy,,92,130,115,80,115,138,True
1024,Zamazenta Crowned Shield,Fighting,Steel,92,130,145,80,145,128,True
1025,Zamazenta Hero of Many Battles,Fighting,,92,130,115,80,115,138,True
1026,Eternatus,Poison,Dragon,140,85,95,145,95,130,True
1027,Eternatus Eternamax,Poison,Dragon,255,115,250,125,250,130,True
